Workbook

Sheet Resumen por Persona
A1: Asignación de Cuentas por Persona
A2: Total de Personas: 78 | Consolidado desde 'Rentabilidad_x_Cuentas.csv'
A4: Persona | B4: Cantidad de Cuentas | C4: Cuentas Asignadas
A5: Bitar Maluk Maria Cristina | B5: 31 | C5: ACLARA, AES ANDES, AFPs, AGUAS ANDINAS, ALTO MAIPO SPA, APPLE, Aguas Horizonte, BANCO SANTANDER, BHP, Bupa, CHEC, CHINA RAILWAY (CRCCI), COCA COLA, COMUNIDAD MUJER, DREAMS, Equinox, GIA, Gestión Azerta, Metlife, Metrogas, NESTLE, ONU Chile (Proyecto por una sola vez), Pluxee, Propuestas, Rio Tinto, SURALIS, Securiport, Silver Sea, TRANSELEC, Todoplay, WOM
A6: Flores Vargas Miguel Luis | B6: 23 | C6: AFP Capital, BHP, BOW (Proyecto), CAP, CENCOSUD, COCA COLA, COLUN, DOMINGA, Exxacon, HANCOCK, IFPI, Inmobiliaria Manquehue, MASTERCARD, Mantos Blancos, Marimaca, Metrogas, Propuestas, RED UC, SQM / Novandino, Securiport, Silver Sea, TRANSELEC, Terra Master
A7: Edwards Marin Felipe | B7: 21 | C7: ABIF, ACER, ACLARA, AFP Capital, ALGECIRAS, Australis, BANCO SANTANDER, CAP, CENCOSUD, COLUN, DOMINGA, EMPRESAS PENTA, Grupo Patio, Marimaca, Metrogas, Orion X, Puerto Coronel, SCHWAGER, Techint, ULTRAMAR, ULTRANAV
A8: Arancibia Silva Jose Miguel | B8: 16 | C8: ABIF, ACLARA, Australis, Azerta, BHP, CAP, CENCOSUD, CHINA RAILWAY (CRCCI), CRUZADOS, Colmena, DOMINGA, Gestión Azerta, Mutual, NISUM, Propuestas, SCANIA
A9: Burr Guarachi Maria Victoria | B9: 14 | C9: BHP, Colmena, ECHEVERRÍA IZQUIERDO (PROYECTO), Equinox, GRUPO COSTANERA, Gestión Azerta, Inmobiliaria Manquehue, MEDICINA UC, Marimaca, Mutual, RED UC, Teck, Todoplay, ZONA FRANCA
A10: Mackinnon Nilo Ian Eduardo | B10: 13 | C10: APPLE, BANMEDICA, COCA COLA, Candidaturas Chile, Deficit 0, Electrolux, HANCOCK, MASTERCARD, Mutual, Propuestas, SQM Yodo, SURALIS, WOM
A11: Abarca Castro Juan Andres | B11: 12 | C11: APPLE, Aguas Horizonte, Azerta, BANMEDICA, BHP, Congreso, Marimaca, Mutual, SQM Yodo, Securiport, Silver Sea, Teck
A12: Galleguillos Martinez Luis Gustavo | B12: 12 | C12: AES ANDES, ALTO MAIPO SPA, Aguas Horizonte, Australis, CHEC, FREEPORT EL ABRA, Fray Leon Family Office (2 meses), Gestión Azerta, Propuestas, Puerto Coronel, Talleres de Vocería, ULTRANAV
A13: Padilla Castellano Reimar Coromoto | B13: 12 | C13: AGUAS ANDINAS, Aguas Horizonte, BHP, CIAL, Colmena, Equinox, GRUPO COSTANERA, Grupo Patio, Inmobiliaria Manquehue, Metrogas, Mutual, Todoplay
A14: Calderon Ventura Alfonso | B14: 11 | C14: AFPs, BANCO SANTANDER, BOW (Proyecto), COCA COLA, Candidaturas Chile, Colmena, Electrolux, Equinox, HANCOCK, Permisología, RED UC
A15: Soto Díaz Javiera Paz | B15: 11 | C15: AFPs, Bupa, CENCOSUD, COCA COLA, Colmena, Congreso, GIA, IFPI, Pluxee, RED UC, Todoplay
A16: Delgado Tornero Felipe Antonio | B16: 10 | C16: BHP, CAP, DOMINGA, DREAMS, FREEPORT EL ABRA, Marimaca, NISUM, Puerto Coronel, Rio Tinto, ULTRANAV
... A60: Vallejos Poblete Carlos Jose | B60: 5 | C60: AGUAS ANDINAS, Aguas Horizonte, Pluxee, Rio Tinto, WOM
A61: Total Personas / Promedio Cuentas | B61: =AVERAGE(B1:B60) -> 8.5714286
A62: Alcaino Cueto Nieves Isabel | B62: 4 | C62: AFP Cuprum, CHINA RAILWAY (CRCCI), GIA, TRANSELEC
A63: Alvarez Rivera Romina Pamela | B63: 4 | C63: CENCOSUD, CIAL, NESTLE, WOM
A64: Cobo Paris Irene María | B64: 4 | C64: Azerta, ESG, Grupo Patio, Mutual
A65: Herrera Manríquez María Fernanda | B65: 4 | C65: ABIF, AFP Capital, CAP, COMUNIDAD MUJER
A66: Mackenzie Kiessler Paula | B66: 4 | C66: AFP Capital, Colmena, Grupo Patio, Metrogas
A67: Martínez Cárdenas Natalia Paulina | B67: 4 | C67: CAP, Mutual, SCANIA, SCHWAGER
A68: Martínez Medel María Paz | B68: 4 | C68: BHP, CENCOSUD, DOMINGA, Mutual
A69: Muñoz Orellana Liliana Andrea | B69: 4 | C69: CENCOSUD, Equinox, SURALIS, WOM
A70: Palomino Marchant Elisa Eliana | B70: 4 | C70: AES ANDES, CENCOSUD, NESTLE, STARKEN
A71: Sherling Carvallo Yael Rossi | B71: 4 | C71: BANCO SANTANDER, DREAMS, Mutual, NESTLE
A72: Valladares Aravena Javiera Fernanda | B72: 4 | C72: Colmena, DOMINGA, Mutual, SCANIA
A73: Varas Salamanca Mauricio | B73: 4 | C73: AES ANDES, ALTO MAIPO SPA, Mutual, TRANSELEC
... A83: Walmsley Hardy Alexander James | B83: 1 | C83: Gestión Azerta

Sheet Detalle Cuenta-Persona
A1: Detalle Unipersonal por Cuenta
A3: Cuenta / Cliente | B3: Persona | C3: Hrs. X Semana | D3: Rut | E3: Apodo | F3: Cargo | G3: Nivel de Cargo
A4: ABIF | B4: Acuña Gutiérrez Sandra Gabriela | D4: =+VLOOKUP(B4,'Maestro Personas'!$B$7:$C$105,2,0) -> 19.300.070-3 | E4: =+VLOOKUP(B4,'Maestro Personas'!$B$7:$W$105,22,0) -> Sandra | F4: =+VLOOKUP(B4,'Maestro Personas'!$B$7:$G$105,6,0) -> Consultores - Digital
A5: ABIF | B5: Arancibia Silva Jose Miguel | D5: =+VLOOKUP(B5,'Maestro Personas'!$B$7:$C$105,2,0) -> 16.282.327-2 | E5: =+VLOOKUP(B5,'Maestro Personas'!$B$7:$W$105,22,0) -> Jose, JM | F5: =+VLOOKUP(B5,'Maestro Personas'!$B$7:$G$105,6,0) -> Socio Área Digital
A6: ABIF | B6: Domínguez Kopecky Alicia María | D6: =+VLOOKUP(B6,'Maestro Personas'!$B$7:$C$105,2,0) -> 27.028.873-1 | E6: =+VLOOKUP(B6,'Maestro Personas'!$B$7:$W$105,22,0) -> Ali o Alice | F6: =+VLOOKUP(B6,'Maestro Personas'!$B$7:$G$105,6,0) -> Consultores Senior - Digital
A7: ABIF | B7: Edwards Marin Felipe | D7: =+VLOOKUP(B7,'Maestro Personas'!$B$7:$C$105,2,0) -> 10.818.275-k | E7: =+VLOOKUP(B7,'Maestro Personas'!$B$7:$W$105,22,0) -> Felipe | F7: =+VLOOKUP(B7,'Maestro Personas'!$B$7:$G$105,6,0) -> Socio
A8: ABIF | B8: Garrido Corvalan Felipe Josué Andrés | D8: =+VLOOKUP(B8,'Maestro Personas'!$B$7:$C$105,2,0) -> 17.029.247-2 | E8: =+VLOOKUP(B8,'Maestro Personas'!$B$7:$W$105,22,0) -> Felipe | F8: =+VLOOKUP(B8,'Maestro Personas'!$B$7:$G$105,6,0) -> Consultores - Digital
A9: ABIF | B9: González Lira Javiera Ignacia | D9: =+VLOOKUP(B9,'Maestro Personas'!$B$7:$C$105,2,0) -> 19.876.073-0 | E9: =+VLOOKUP(B9,'Maestro Personas'!$B$7:$W$105,22,0) -> Javi | F9: =+VLOOKUP(B9,'Maestro Personas'!$B$7:$G$105,6,0) -> Consultores Senior - Digital
A10: ABIF | B10: Herrera Manríquez María Fernanda | D10: =+VLOOKUP(B10,'Maestro Personas'!$B$7:$C$105,2,0) -> 20.165.239-1 | E10: =+VLOOKUP(B10,'Maestro Personas'!$B$7:$W$105,22,0) -> Fernanda | F10: =+VLOOKUP(B10,'Maestro Personas'!$B$7:$G$105,6,0) -> Consultores - Digital
A11: ABIF | B11: Llanos Guijuelos Bastian Nicolas | D11: =+VLOOKUP(B11,'Maestro Personas'!$B$7:$C$105,2,0) -> 18.172.756-k | E11: =+VLOOKUP(B11,'Maestro Personas'!$B$7:$W$105,22,0) -> Bastián | F11: =+VLOOKUP(B11,'Maestro Personas'!$B$7:$G$105,6,0) -> Consultor/a - Comunicaciones
A12: ABIF | B12: Moreno Soza Javiera Ignacia | D12: =+VLOOKUP(B12,'Maestro Personas'!$B$7:$C$105,2,0) -> 18.956.291-8 | E12: =+VLOOKUP(B12,'Maestro Personas'!$B$7:$W$105,22,0) -> Javi | F12: =+VLOOKUP(B12,'Maestro Personas'!$B$7:$G$105,6,0) -> Ejecutivo/a de Cuentas - Digital
A13: ABIF | B13: Peña Gutiérrez María José | D13: =+VLOOKUP(B13,'Maestro Personas'!$B$7:$C$105,2,0) -> 17.028.885-8 | E13: =+VLOOKUP(B13,'Maestro Personas'!$B$7:$W$105,22,0) -> Mane | F13: =+VLOOKUP(B13,'Maestro Personas'!$B$7:$G$105,6,0) -> Consultor/a Senior - Comunicaciones
A14: ABIF | B14: Saez Rojas Alejandro Enrique | D14: =+VLOOKUP(B14,'Maestro Personas'!$B$7:$C$105,2,0) -> 12.659.237-k | E14: =+VLOOKUP(B14,'Maestro Personas'!$B$7:$W$105,22,0) | F14: =+VLOOKUP(B14,'Maestro Personas'!$B$7:$G$105,6,0) -> Director/a Senior - Comunicaciones
A15: ABIF | B15: Serrano Matas Antonio Federico | D15: =+VLOOKUP(B15,'Maestro Personas'!$B$7:$C$105,2,0) -> 10.321.885-3 | E15: =+VLOOKUP(B15,'Maestro Personas'!$B$7:$W$105,22,0) -> Toño | F15: =+VLOOKUP(B15,'Maestro Personas'!$B$7:$G$105,6,0) -> Consultores Senior - Digital
... A551: ZONA FRANCA | B551: Verdejo Valenzuela Sandra Carolina | D551: =+VLOOKUP(B551,'Maestro Personas'!$B$7:$C$105,2,0) -> 13.038.126-k | E551: =+VLOOKUP(B551,'Maestro Personas'!$B$7:$W$105,22,0) -> Sandra | F551: =+VLOOKUP(B551,'Maestro Personas'!$B$7:$G$105,6,0) -> Consultor/a - Prensa

Sheet Maestro Personas
A1: Libro: Reporte Empleados Datos Contacto Sin Renta | C1: Libro: Reporte Empleados Datos Contacto Sin Renta
A2: Fecha Generación: 04/09/2026 a las 08:30AM | C2: Fecha Generación: 04/09/2026 a las 08:30AM
A3: Fecha Desde: 01/09/2026 | C3: Fecha Desde: 01/09/2026
A4: Fecha Hasta: 04/09/2026 | C4: Fecha Hasta: 04/09/2026
A6: Empleado - Número de Documento | B6: Empleado - Nombre Completo | C6: Empleado - Número de Documento | D6: Empleado - Nombre | E6: Empleado - Apellido | F6: Empleado - Segundo Apellido | G6: Trabajo - Cargo | H6: Trabajo - Nombre División | I6: Empleado - Fecha de Nacimiento | J6: Empleado - Dirección | K6: Empleado - Email | L6: Empleado - Sexo | M6: Empleado - Teléfono Particular | N6: Trabajo - Nombre Sub-área Asignada(o) | O6: Trabajo - Nombre Área | P6: Empresa - RUT Empresa | Q6: Empresa - Nombre Empresa | R6: Empleado - Email Personal | S6: Empleado - Comuna | T6: Empleado - Estado | U6: Empleado - Título | V6: Empleado - Universidad | W6: Campos Personalizados de Empleado - Apodo
A7: 19.939.876-8 | B7: Rivera Montiel Carolina Constanza | C7: 19.939.876-8 | D7: Carolina Constanza | E7: Rivera | F7: Montiel | G7: Ejecutivo/a - AAPP | H7: Asuntos Públicos | I7: 35893 | J7: California 2520, dpto 505 | K7: crivera@azerta.cl | L7: F | M7: 957719640 | N7: Asuntos Públicos | O7: Asuntos Públicos | P7: 76.981.820-0 | Q7: Azerta SpA | R7: carolinarvmn@gmail.com | S7: Providencia | T7: Activo | W7: Caro
A8: 12.454.685-0 | B8: Burr Guarachi Maria Victoria | C8: 12.454.685-0 | D8: Maria Victoria | E8: Burr | F8: Guarachi | G8: Socio Director | H8: Comunicaciones | I8: 26704 | J8: CAMINO LA AGUADA 10341 | K8: vburr@azerta.cl | L8: F | M8: 56997429964 | N8: Comunicaciones | O8: Comunicaciones | P8: 76.981.820-0 | Q8: Azerta SpA | R8: burr.victoria@gmail.com | S8: Lo Barnechea | T8: Activo | W8: Vic
A9: 20.791.630-7 | B9: Ibacache Guzmán Cristofer Ignacio | C9: 20.791.630-7 | D9: Cristofer Ignacio | E9: Ibacache | F9: Guzmán | G9: Ejecutivo de Soporte, Operaciones y TI | H9: Corporate Services | I9: 37366 | J9: Dublé Almeyda 1515, Ñuñoa, Chile | K9: cibacache@azerta.cl | L9: M | M9: 56931866968 | N9: Operaciones | O9: Operaciones | P9: 77.667.011-1 | Q9: SOCIEDAD DE PROFESIONALES AZERTA LTDA | R9: cristofer.ibacacheguz@gmail.com | S9: Ñuñoa | T9: Activo | W9: Cristofer
A10: 19.078.159-3 | B10: Arenas Salgado Margarita Andrea | C10: 19.078.159-3 | D10: Margarita Andrea | E10: Arenas | F10: Salgado | G10: Directora de Estrategia y Desarrollo de Negocio | H10: Corporate Services | I10: 34790 | J10: Pirineos 2002, Providencia, Chile | K10: marenas@azerta.cl | L10: F | M10: 56981584044 | N10: Administración | O10: Administración | P10: 76.981.820-0 | Q10: Azerta SpA | R10: margarita.arenas.salgado@gmail.com | S10: Providencia | T10: Activo | W10: Margarita
A11: 17.950.016-7 | B11: Courtin Díaz Danielle Fernanda | C11: 17.950.016-7 | D11: Danielle Fernanda | E11: Courtin | F11: Díaz | G11: Director/a - AAPP | H11: Asuntos Públicos | I11: 31357 | J11: Noruega 1050, Valparaíso, Chile | K11: dcourtin@azerta.cl | L11: F | M11: 56962753918 | N11: Asuntos Públicos | O11: Asuntos Públicos | P11: 76.981.820-0 | Q11: Azerta SpA | R11: danicourtin@gmail.com | S11: Valparaíso | T11: Activo | W11: Dani
A12: 19.293.473-7 | B12: Casas Irarrázaval Martina Leonor | C12: 19.293.473-7 | D12: Martina Leonor | E12: Casas | F12: Irarrázaval | G12: Consultor/a - Comunicaciones | H12: Comunicaciones | I12: 35335 | J12: Avenida Las Condes 10557, depto. 701 B | K12: mcasas@azerta.cl | L12: F | M12: 981582035 | N12: Comunicaciones | O12: Comunicaciones | P12: 77.667.011-1 | Q12: SOCIEDAD DE PROFESIONALES AZERTA LTDA | R12: mcasasirarrazaval@gmail.com | S12: Las Condes | T12: Activo | W12: Martina
A13: 18.588.568-2 | B13: Orpis Jouanne Ana Luisa | C13: 18.588.568-2 | D13: Ana Luisa | E13: Orpis | F13: Jouanne | G13: Consultor/a - AAPP | H13: Asuntos Públicos | I13: 35216 | J13: Los leones 707 | K13: Aorpis@azerta.cl | L13: F | M13: 953977411 | N13: Asuntos Públicos | O13: Asuntos Públicos | P13: 77.667.011-1 | Q13: SOCIEDAD DE PROFESIONALES AZERTA LTDA | R13: anaorpis@gmail.com | S13: Providencia | T13: Inactivo | W13: Ana
A14: 17.248.821-8 | B14: Martínez Medel María Paz | C14: 17.248.821-8 | D14: María Paz | E14: Martínez | F14: Medel | G14: Ejecutivo/a de Cuentas - Digital | H14: Digital | I14: 32615 | J14: La Montaña Sur 4149, Lampa, Chile | K14: mmartinez@azerta.cl | L14: F | M14: 56973006305 | N14: Monitoreo | O14: Monitoreo | P14: 77.667.011-1 | Q14: SOCIEDAD DE PROFESIONALES AZERTA LTDA | R14: martinez.mariapaz@gmail.com | S14: Lampa | T14: Activo | W14: Paz
A15: 16.282.327-2 | B15: Arancibia Silva Jose Miguel | C15: 16.282.327-2 | D15: Jose Miguel | E15: Arancibia | F15: Silva | G15: Socio Área Digital | H15: Digital | I15: 31661 | J15: Nicosia 7572 | K15: jmarancibia@azerta.cl | L15: M | M15: 56992361278 | N15: Digital | O15: Digital | P15: 76.981.820-0 | Q15: Azerta SpA | R15: jmarancibias@gmail.com | S15: Las Condes | T15: Activo | W15: Jose, JM
A16: 8.344.585-8 | B16: Bofill Carrascal Maria Begoña | C16: 8.344.585-8 | D16: Maria Begoña | E16: Bofill | F16: Carrascal | G16: Socio Director | H16: Comunicaciones | I16: 23896 | J16: Rosa O´Higgins 557 | K16: bbofill@azerta.cl | L16: F | M16: 56993431191 | N16: Comunicaciones | O16: Comunicaciones | P16: 76.981.820-0 | Q16: Azerta SpA | R16: bego.bofill@gmail.com | S16: Las Condes | T16: Activo | W16: Bego
A17: 15.916.585-k | B17: Muñoz Orellana Liliana Andrea | C17: 15.916.585-k | D17: Liliana Andrea | E17: Muñoz | F17: Orellana | G17: Consultor/a - AAPP | H17: Asuntos Públicos | I17: 31049 | J17: Loma La Cruz sur 300, Casa 3 | K17: Lmunoz@azerta.cl | L17: F | M17: 940417291 | N17: Asuntos Públicos | O17: Asuntos Públicos | P17: 76.981.820-0 | Q17: Azerta SpA | R17: lilimunozo85@gmail.com | S17: Lo Barnechea | T17: Activo | W17: Rafa
A18: 9.126.648-2 | B18: Pinto Salazar-Roijers Jenny | C18: 9.126.648-2 | D18: Jenny | E18: Pinto | F18: Salazar-Roijers | G18: Secretaria de Gerencia | H18: Corporate Services | I18: 22926 | J18: AVDA. BELLAVISTA 165 218 | K18: jpinto@azerta.cl | L18: F | M18: 56998205700 | N18: Administración | O18: Administración | P18: 76.981.820-0 | Q18: Azerta SpA | R18: jennypintosr1@gmail.com | S18: Recoleta | T18: Activo | W18: Jenny
A19: 7.465.792-3 | B19: Gálvez Araya Mario Joaquín Gonzalo | C19: 7.465.792-3 | D19: Mario Joaquín Gonzalo | E19: Gálvez | F19: Araya | G19: Consultor/a - Comunicaciones | H19: Comunicaciones | I19: 21293 | J19: La Niña 3020, Las Condes, Chile | K19: mgalvez@azerta.cl | L19: M | M19: 992306635 | N19: Comunicaciones | O19: Comunicaciones | P19: 76.981.820-0 | Q19: Azerta SpA | R19: mariogalveza@icloud.com | S19: Las Condes | T19: Activo
A20: 12.678.387-6 | B20: Pezo Symmer Claudia Edith | C20: 12.678.387-6 | D20: Claudia Edith | E20: Pezo | F20: Symmer | G20: Consultor/a - Prensa | H20: Prensa | I20: 27278 | J20: Padre Mariano 87 Depto. 1206 | K20: cpezo@azerta.cl | L20: F | M20: 994993239 | N20: Prensa | O20: Prensa | P20: 77.667.011-1 | Q20: SOCIEDAD DE PROFESIONALES AZERTA LTDA | R20: claupezito@gmail.com | S20: Providencia | T20: Activo | W20: Clau
A21: 13.432.759-6 | B21: Alarcón Orellana Paulina Violeta | C21: 13.432.759-6 | D21: Paulina Violeta | E21: Alarcón | F21: Orellana | G21: Asistente de Servicios Generales | H21: Corporate Services | I21: 28485 | J21: Monseñor Eyzaguirre 300, Departamento 24 | K21: palarcon@azerta.cl | L21: F | M21: 56999091623 | N21: Administración | O21: Administración | P21: 76.981.820-0 | Q21: Azerta SpA | R21: paulina.alarcon@gmail.com | S21: Ñuñoa | T21: Activo | W21: Pauli
A22: 18.845.158-6 | B22: Alfaro Cornejo Sara Magdalena | C22: 18.845.158-6 | D22: Sara Magdalena | E22: Alfaro | F22: Cornejo | G22: Consultor/a Senior - Comunicaciones | H22: Comunicaciones | I22: 34562 | J22: Flor de Azucena 89, depto 1202, Las Condes, Chile | K22: salfaro@azerta.cl | L22: F | M22: 56962082302 | N22: Comunicaciones | O22: Comunicaciones | P22: 76.981.820-0 | Q22: Azerta SpA | R22: saramgalfaro@gmail.com | S22: Las Condes | T22: Activo | W22: Sari
A23: 16.629.810-5 | B23: Duk Oteíza Christopher Walter | C23: 16.629.810-5 | D23: Christopher Walter | E23: Duk | F23: Oteíza | G23: Jefe de Servicios Generales y TI | H23: Corporate Services | I23: 32209 | J23: Duble Almeyda 1515, depto 604 | K23: cduk@azerta.cl | L23: M | M23: 982065602 | N23: Operaciones | O23: Operaciones | P23: 77.667.011-1 | Q23: SOCIEDAD DE PROFESIONALES AZERTA LTDA | R23: chris.dukot@gmail.com | S23: Ñuñoa | T23: Activo
A24: 9.992.025-4 | B24: Alvarez Henriquez Lidia Rosa | C24: 9.992.025-4 | D24: Lidia Rosa | E24: Alvarez | F24: Henriquez | G24: Auxiliar de Aseo | H24: Corporate Services | I24: 24377 | J24: Claudio Arrau 7861, Depto. 33, torre 8 | K24: lalvarez@azerta.cl | L24: F | M24: 56942454643 | N24: Administración | O24: Administración | P24: 77.667.011-1 | Q24: SOCIEDAD DE PROFESIONALES AZERTA LTDA | R24: lidiaalvarezhenriquez@gmail.com | S24: Pudahuel | T24: Activo | W24: Lidia
A25: 13.253.184-6 | B25: Feres Klenner Camilo | C25: 13.253.184-6 | D25: Camilo | E25: Feres | F25: Klenner | G25: Director de Área de Estudios Sociales y Políticos | H25: Comunicaciones | I25: 28315 | J25: LUIS PEREIRA 810 | K25: cferes@azerta.cl | L25: M | M25: 56971388450 | N25: Comunicaciones | O25: Comunicaciones | P25: 76.981.820-0 | Q25: Azerta SpA | R25: cferes@gmail.com | S25: Ñuñoa | T25: Activo
A26: 11.442.567-2 | B26: Bustos Valenzuela Abraham Segundo | C26: 11.442.567-2 | D26: Abraham Segundo | E26: Bustos | F26: Valenzuela | G26: Gerente de Finanzas | H26: Corporate Services | I26: 25387 | J26: QUEBRADA DE MACUL 8600 CASA 11 | K26: abustos@azerta.cl | L26: M | M26: 56956985578 | N26: Finanzas | O26: Finanzas | P26: 76.981.820-0 | Q26: Azerta SpA | R26: abrahambvalenzuela@yahoo.com | S26: Peñalolén | T26: Activo | W26: Abraham
A27: 20.936.378-k | B27: Chausu Valdés Jesús Alberto | C27: 20.936.378-k | D27: Jesús Alberto | E27: Chausu | F27: Valdés | G27: Ejecutivo en IA - Digital | H27: Digital | I27: 37236 | J27: Las Araucarias, El Bosque, Chile | K27: jchausu@azerta.cl | L27: M | M27: 56976806250 | N27: IA | O27: IA | P27: 77.667.011-1 | Q27: SOCIEDAD DE PROFESIONALES AZERTA LTDA | R27: jesuschausu@gmail.com | S27: El Bosque | T27: Activo
A28: 13.882.744-5 | B28: Villablanca Fernández Gustavo Adolfo | C28: 13.882.744-5 | D28: Gustavo Adolfo | E28: Villablanca | F28: Fernández | G28: Gerente de Personas y Operaciones | H28: Corporate Services | I28: 29449 | J28: Las Vegas 994 | K28: gvillablanca@azerta.cl | L28: M | M28: 990885107 | N28: Personas | O28: Personas | P28: 76.981.820-0 | Q28: Azerta SpA | R28: Gustavo.Villablanca@gmail.com | S28: La Florida | T28: Activo | W28: Gustavo
A29: 12.019.058-k | B29: Galleguillos Martinez Luis Gustavo | C29: 12.019.058-k | D29: Luis Gustavo | E29: Galleguillos | F29: Martinez | G29: Socio Director | H29: Comunicaciones | I29: 26945 | J29: José Rabat 10670, Condominio Los Maderos, Calle los maderos 33 | K29: lgalleguillos@azerta.cl | L29: M | M29: 56966576762 | N29: Comunicaciones | O29: Comunicaciones | P29: 76.981.820-0 | Q29: Azerta SpA | R29: lgallem@gmail.com | S29: Colina | T29: Activo
A30: 19.960.344-2 | B30: Sierralta Fuentealba Benjamín Eugenio | C30: 19.960.344-2 | D30: Benjamín Eugenio | E30: Sierralta | F30: Fuentealba | G30: Consultor/a - Comunicaciones | H30: Comunicaciones | I30: 36085 | J30: Doctor Agustín Andrade 4200 | K30: bsierralta@azerta.cl | L30: M | M30: 976767033 | N30: Comunicaciones | O30: Comunicaciones | P30: 77.667.011-1 | Q30: SOCIEDAD DE PROFESIONALES AZERTA LTDA | R30: Benjamin.sierralta@mail.udp.cl | S30: Ñuñoa | T30: Activo | W30: Benjamín
A31: 14.533.402-0 | B31: Valenzuela Mella Pablo Andrés | C31: 14.533.402-0 | D31: Pablo Andrés | E31: Valenzuela | F31: Mella | G31: Consultor/a Senior - AAPP | H31: Asuntos Públicos | I31: 29060 | J31: Pasaje Alberto 3538 | K31: pvalenzuela@azerta.cl | L31: M | M31: 986589891 | N31: Asuntos Públicos | O31: Asuntos Públicos | P31: 76.981.820-0 | Q31: Azerta SpA | R31: valenzuelamellapablo@gmail.com | S31: Providencia | T31: Activo | W31: Pablo
A32: 17.701.415-k | B32: Concha Valenzuela Loreto | C32: 17.701.415-k | D32: Loreto | E32: Concha | F32: Valenzuela | G32: Consultores Senior - Digital | H32: Digital | I32: 33344 | J32: Ricardo Wagner 2161, depto 1004, La Reina, Chile | K32: lconcha@azerta.cl | L32: F | M32: 56983371510 | N32: Contenidos | O32: Contenidos | P32: 77.667.011-1 | Q32: SOCIEDAD DE PROFESIONALES AZERTA LTDA | R32: lrtconcha@gmail.com | S32: La Reina | T32: Activo | W32: Lore
A33: 20.100.027-0 | B33: Bustos Cárdenas Benjamín Ignacio Abraham | C33: 20.100.027-0 | D33: Benjamín Ignacio Abraham | E33: Bustos | F33: Cárdenas | G33: Asistente de Finanzas y Operaciones | H33: Corporate Services | I33: 36261 | J33: Quebrada de Umallani 1000, Casa N | K33: bbustos@azerta.cl | L33: M | M33: 999744131 | N33: Finanzas | O33: Finanzas | P33: 77.667.011-1 | Q33: SOCIEDAD DE PROFESIONALES AZERTA LTDA | R33: benjaminbustoscardenas@gmail.com | S33: Peñalolén | T33: Activo | W33: Benja
A34: 20.165.239-1 | B34: Herrera Manríquez María Fernanda | C34: 20.165.239-1 | D34: María Fernanda | E34: Herrera | F34: Manríquez | G34: Consultores - Digital | H34: Digital | I34: 36437 | J34: La Gloria 120, depto 307, Las Condes, Chile | K34: fherrera@azerta.cl | L34: F | M34: 99978113 | N34: Diseño | O34: Diseño | P34: 77.667.011-1 | Q34: SOCIEDAD DE PROFESIONALES AZERTA LTDA | R34: fernandaherreramanriquez@gmail.com | S34: Las Condes | T34: Activo | W34: Fernanda
A35: 20.833.546-4 | B35: Terrazas Cortés Paula Sofía | C35: 20.833.546-4 | D35: Paula Sofía | E35: Terrazas | F35: Cortés | G35: Consultores - Digital | H35: Digital | I35: 36852 | J35: Camino del Pregonero 2799 | K35: pterrazas@azerta.cl | L35: F | M35: 954064264 | N35: Contenidos | O35: Contenidos | P35: 77.667.011-1 | Q35: SOCIEDAD DE PROFESIONALES AZERTA LTDA | R35: paulaterrazasc22@gmail.com | S35: Lo Barnechea | T35: Activo | W35: Paula
A36: 19.242.632-4 | B36: Cembrano Schrader Ignacio Stelio | C36: 19.242.632-4 | D36: Ignacio Stelio | E36: Cembrano | F36: Schrader | G36: Ejecutivo/a - Comunicaciones | H36: Comunicaciones | I36: 34934 | J36: Chile España 651 | K36: icembrano@azerta.cl | L36: M | M36: 944865836 | N36: Comunicaciones | O36: Comunicaciones | P36: 77.667.011-1 | Q36: SOCIEDAD DE PROFESIONALES AZERTA LTDA | R36: iscembrano@uc.cl | S36: Ñuñoa | T36: Activo | W36: Ignacio
A37: 13.529.165-k | B37: Abarca Castro Juan Andres | C37: 13.529.165-k | D37: Juan Andres | E37: Abarca | F37: Castro | G37: Director/a - AAPP | H37: Asuntos Públicos | I37: 28914 | J37: Los alelies sur 12, Condominio Las Flores. | K37: jabarca@azerta.cl | L37: M | M37: 56998219599 | N37: Asuntos Públicos | O37: Asuntos Públicos | P37: 76.981.820-0 | Q37: Azerta SpA | R37: juanandres.abarcacastro@gmail.com | S37: Colina | T37: Activo | W37: Juan Andrés
A38: 10.059.648-2 | B38: Dorfman Liberman Natalio Andrés | C38: 10.059.648-2 | D38: Natalio Andrés | E38: Dorfman | F38: Liberman | G38: Consultor/a Senior - AAPP | H38: Asuntos Públicos | I38: 24534 | J38: Suecia 2955 | K38: ndorfman@azerta.cl | L38: M | M38: 98952359 | N38: Asuntos Públicos | O38: Asuntos Públicos | P38: 76.981.820-0 | Q38: Azerta SpA | R38: nadorfma@gmail.com | S38: Ñuñoa | T38: Activo
A39: 18.497.525-4 | B39: Valladares Aravena Javiera Fernanda | C39: 18.497.525-4 | D39: Javiera Fernanda | E39: Valladares | F39: Aravena | G39: Ejecutivo/a de Cuentas - Digital | H39: Digital | I39: 34143 | J39: Los Aviadores 850 | K39: jvalladares@azerta.cl | L39: F | M39: 976605855 | N39: Diseño | O39: Diseño | P39: 77.667.011-1 | Q39: SOCIEDAD DE PROFESIONALES AZERTA LTDA | R39: valladares.javieraf@gmail.com | S39: El Bosque | T39: Activo | W39: Javi
A40: 16.385.148-2 | B40: Palma Lara Andrés Enrique | C40: 16.385.148-2 | D40: Andrés Enrique | E40: Palma | F40: Lara | G40: Junior / Administracion | H40: Corporate Services | I40: 31711 | J40: Calle Flor del Notro 0203, torre a depto 307, Maipú, Chile | K40: apalma@azerta.cl | L40: M | M40: 56988837399 | N40: Administración | O40: Administración | P40: 77.667.011-1 | Q40: SOCIEDAD DE PROFESIONALES AZERTA LTDA | R40: a.palma.lara@gmail.com | S40: Maipú | T40: Activo
A41: 28.759.573-5 | B41: Cobo Paris Irene María | C41: 28.759.573-5 | D41: Irene María | E41: Cobo | F41: Paris | G41: Consultor/a Senior - Comunicaciones | H41: Comunicaciones | I41: 30579 | J41: Camino Otoñal 1368, casa 1 | K41: icobo@azerta.cl | L41: F | N41: Comunicaciones | O41: Comunicaciones | P41: 77.667.011-1 | Q41: SOCIEDAD DE PROFESIONALES AZERTA LTDA | R41: irenemariacobo@gmail.com | S41: Las Condes | T41: Activo | W41: Irene
A42: 17.029.247-2 | B42: Garrido Corvalan Felipe Josué Andrés | C42: 17.029.247-2 | D42: Felipe Josué Andrés | E42: Garrido | F42: Corvalan | G42: Consultores - Digital | H42: Digital | I42: 32555 | J42: Exequiel Fernandez 279 casa E | K42: fgarrido@azerta.cl | L42: M | M42: 56966166888 | N42: Paid Media | O42: Paid Media | P42: 77.667.011-1 | Q42: SOCIEDAD DE PROFESIONALES AZERTA LTDA | R42: felipegarrido11@gmail.com | S42: Ñuñoa | T42: Activo | W42: Felipe
A43: 21.412.373-8 | B43: Pantoja Herrera Francisca Loreto | C43: 21.412.373-8 | D43: Francisca Loreto | E43: Pantoja | F43: Herrera | G43: Trainee | H43: Comunicaciones | I43: 37908 | J43: Avenida Apoquindo 4269, Las Condes, Chile | K43: fpantoja@azerta.cl | L43: F | M43: 56976598021 | N43: Comunicaciones | O43: Comunicaciones | P43: 77.667.011-1 | Q43: SOCIEDAD DE PROFESIONALES AZERTA LTDA | R43: franpantojah55@gmail.com | S43: Las Condes | T43: Activo | W43: Fran
A44: 15.438.937-7 | B44: Sepúlveda Aravena Juvenal Andrés | C44: 15.438.937-7 | D44: Juvenal Andrés | E44: Sepúlveda | F44: Aravena | G44: Consultores Senior - Digital | H44: Digital | I44: 30117 | J44: Sebastian Elcano 1100, depto 201 | K44: jsepulveda@azerta.cl | L44: M | M44: 988372126 | N44: Diseño | O44: Diseño | P44: 77.667.011-1 | Q44: SOCIEDAD DE PROFESIONALES AZERTA LTDA | R44: juvenal.sepulveda@gmail.com | S44: Las Condes | T44: Activo | W44: Juvenal
A45: 20.075.913-3 | B45: Donoso Wenzel Cristóbal Andrés | C45: 20.075.913-3 | D45: Cristóbal Andrés | E45: Donoso | F45: Wenzel | G45: Ejecutivo/a - Comunicaciones | H45: Comunicaciones | I45: 36297 | J45: Condominio Bosques de la Pirámide 960 | K45: cdonoso@azerta.cl | L45: M | M45: 56997611954 | N45: Comunicaciones | O45: Comunicaciones | P45: 77.667.011-1 | Q45: SOCIEDAD DE PROFESIONALES AZERTA LTDA | R45: c.donosow@gmail.com | S45: Huechuraba | T45: Activo
A46: 20.783.188-3 | B46: Iturrate Pirola Belén | C46: 20.783.188-3 | D46: Belén | E46: Iturrate | F46: Pirola | G46: Ejecutivo/a - Comunicaciones | H46: Comunicaciones | I46: 37061 | J46: Av. Santa María 5610, la quebrada 101 | K46: biturrate@azerta.cl | L46: F | M46: 956295772 | N46: Comunicaciones | O46: Comunicaciones | P46: 77.667.011-1 | Q46: SOCIEDAD DE PROFESIONALES AZERTA LTDA | R46: beleniturrate.p@gmail.com | S46: Vitacura | T46: Activo | W46: Belén
A47: 15.770.775-2 | B47: Lizama Espinoza Claudio | C47: 15.770.775-2 | D47: Claudio | E47: Lizama | F47: Espinoza | G47: Director/a - Comunicaciones | H47: Comunicaciones | I47: 30759 | J47: ANIBAL PINTO 986 22 | K47: clizama@azerta.cl | L47: M | M47: 56981230081 | N47: Comunicaciones | O47: Comunicaciones | P47: 76.981.820-0 | Q47: Azerta SpA | R47: claudiolizamaespinoza@gmail.com | S47: Quilpué | T47: Activo
A48: 15.318.696-0 | B48: Mackenzie Kiessler Paula | C48: 15.318.696-0 | D48: Paula | E48: Mackenzie | F48: Kiessler | G48: Director/a Senior - Comunicaciones | H48: Comunicaciones | I48: 27534 | J48: Av Echeñique 8940, casa i, La Reina | K48: pmackenzie@azerta.cl | L48: F | M48: 992190353 | N48: Comunicaciones | O48: Comunicaciones | P48: 76.981.820-0 | Q48: Azerta SpA | R48: paula.mackenzie@gmail.com | S48: La Reina | T48: Activo | W48: Pau
A49: 20.074.794-1 | B49: Rohuede Fadda Sebastián Rodrigo | C49: 20.074.794-1 | D49: Sebastián Rodrigo | E49: Rohuede | F49: Fadda | G49: Trainee - Digital | H49: Digital | I49: 36237 | J49: Sendero del Artillero 6991, Las Condes, Chile | K49: srohuede@azerta.cl | L49: M | M49: 56975747297 | N49: Contenidos | O49: Contenidos | P49: 77.667.011-1 | Q49: SOCIEDAD DE PROFESIONALES AZERTA LTDA | R49: srohuede@gmail.com | S49: Las Condes | T49: Activo | W49: Seba
A50: 13.955.054-4 | B50: Zapata Bendel César Edgardo | C50: 13.955.054-4 | D50: César Edgardo | E50: Zapata | F50: Bendel | G50: Director/a Senior - Comunicaciones | H50: Comunicaciones | I50: 28182 | J50: El Roble 12580, depto 208 | K50: czapata@azerta.cl | L50: M | M50: 56971252261 | N50: Comunicaciones | O50: Comunicaciones | P50: 76.981.820-0 | Q50: Azerta SpA | R50: cesarzapatab@gmail.com | S50: Lo Barnechea | T50: Activo | W50: César
A51: 19.246.948-1 | B51: Palomino Marchant Elisa Eliana | C51: 19.246.948-1 | D51: Elisa Eliana | E51: Palomino | F51: Marchant | G51: Ejecutivo/a - Comunicaciones | H51: Comunicaciones | I51: 35370 | J51: Rinconada el salto 940, depto. 202. | K51: epalomino@azerta.cl | L51: F | M51: 994007933 | N51: Comunicaciones | O51: Comunicaciones | P51: 76.981.820-0 | Q51: Azerta SpA | R51: palominoelisa96@gmail.com | S51: Huechuraba | T51: Activo | W51: Elisa o Eli
A52: 17.108.779-1 | B52: Guzman Puebla Ana Veronica | C52: 17.108.779-1 | D52: Ana Veronica | E52: Guzman | F52: Puebla | G52: Ejecutivo/a - Comunicaciones | H52: Comunicaciones | I52: 32410 | J52: Av. Fermín Vivaceta 1702, Departamento 911B | K52: aguzman@azerta.cl | L52: F | M52: 56956393200 | N52: Comunicaciones | O52: Comunicaciones | P52: 76.981.820-0 | Q52: Azerta SpA | R52: anita.guzmanpuebla@gmail.com | S52: Independencia | T52: Activo | W52: Anita
A53: 20.197.117-9 | B53: Ramírez Garcés Valentina Arlette | C53: 20.197.117-9 | D53: Valentina Arlette | E53: Ramírez | F53: Garcés | G53: Ejecutivo/a - Comunicaciones | H53: Comunicaciones | I53: 36580 | J53: Hernán Cortés 3019, depto 45 | K53: vramirez@azerta.cl | L53: F | M53: 961430222 | N53: Comunicaciones | O53: Comunicaciones | P53: 77.667.011-1 | Q53: SOCIEDAD DE PROFESIONALES AZERTA LTDA | R53: ramirezgarcesv@gmail.com | S53: Ñuñoa | T53: Activo | W53: Vale
A54: 8.639.242-9 | B54: Retamal Vergara María Isabel | C54: 8.639.242-9 | D54: María Isabel | E54: Retamal | F54: Vergara | G54: Director/a - Comunicaciones | H54: Comunicaciones | I54: 26894 | J54: Colina del Sur 9708, casa 15 | K54: iretamal@azerta.cl | L54: F | M54: 982920259 | N54: Comunicaciones | O54: Comunicaciones | P54: 76.981.820-0 | Q54: Azerta SpA | R54: isabelretamal@gmail.com | S54: Las Condes | T54: Activo | W54: Isa
A55: 18.086.763-5 | B55: Silva Orellana Carla | C55: 18.086.763-5 | D55: Carla | E55: Silva | F55: Orellana | G55: Asistente de Personas y Operaciones | H55: Corporate Services | I55: 33681 | J55: Pasaje Piloto Oyarzo 1939 | K55: csilva@azerta.cl | L55: F | M55: 996720466 | N55: Personas | O55: Personas | P55: 77.667.011-1 | Q55: SOCIEDAD DE PROFESIONALES AZERTA LTDA | R55: carlasilvaorellana@gmail.com | S55: Puente Alto | T55: Activo | W55: Carla
A56: 12.659.237-k | B56: Saez Rojas Alejandro Enrique | C56: 12.659.237-k | D56: Alejandro Enrique | E56: Saez | F56: Rojas | G56: Director/a Senior - Comunicaciones | H56: Comunicaciones | I56: 27051 | J56: Las Nieves 3477, depto. 95 | K56: asaez@azerta.cl | L56: M | M56: 56992253674 | N56: Comunicaciones | O56: Comunicaciones | P56: 76.981.820-0 | Q56: Azerta SpA | R56: alejandrosaez@yahoo.com | S56: Vitacura | T56: Activo
A57: 15.642.655-5 | B57: Scheuch Navarrete Macarena Verónica | C57: 15.642.655-5 | D57: Macarena Verónica | E57: Scheuch | F57: Navarrete | G57: Director/a - Comunicaciones | H57: Comunicaciones | I57: 30840 | J57: Miguel Claro 483 depto 903 | K57: mscheuch@azerta.cl | L57: F | M57: 990802410 | N57: Comunicaciones | O57: Comunicaciones | P57: 76.981.820-0 | Q57: Azerta SpA | R57: macarena.scheuch@gmail.com | S57: Providencia | T57: Activo | W57: Maca
A58: 19.078.174-7 | B58: Sherling Carvallo Yael Rossi | C58: 19.078.174-7 | D58: Yael Rossi | E58: Sherling | F58: Carvallo | G58: Consultor/a - Comunicaciones | H58: Comunicaciones | I58: 33729 | J58: El radal 80, edificio peñon, depto 16. | K58: ysherling@azerta.cl | L58: F | M58: 56982369272 | N58: Comunicaciones | O58: Comunicaciones | P58: 76.981.820-0 | Q58: Azerta SpA | R58: yaelsherling@gmail.com | S58: Lo Barnechea | T58: Activo | W58: Yael
A59: 9.766.376-9 | B59: Bitar Maluk Maria Cristina | C59: 9.766.376-9 | D59: Maria Cristina | E59: Bitar | F59: Maluk | G59: Socio | H59: Asuntos Públicos | I59: 25532 | J59: EL CANAL INTERIOR 8527 | K59: cbitar@azerta.cl | L59: F | M59: 56982493653 | N59: Asuntos Públicos | O59: Asuntos Públicos | P59: 76.981.820-0 | Q59: Azerta SpA | R59: bitarcristina@gmail.com | S59: Vitacura | T59: Activo | W59: Cristina
A60: 17.600.407-k | B60: Toro Fuentes Felipe Alejandro | C60: 17.600.407-k | D60: Felipe Alejandro | E60: Toro | F60: Fuentes | G60: Asistente Administrativo | H60: Corporate Services | I60: 33148 | J60: Av. Irarrázaval 4569, depto. 407. | K60: ftoro@azerta.cl | L60: M | M60: 984299459 | N60: Administración | O60: Administración | P60: 77.667.011-1 | Q60: SOCIEDAD DE PROFESIONALES AZERTA LTDA | R60: felipe.a.toro@gmail.com | S60: Ñuñoa | T60: Activo | W60: Feli
A61: 17.037.273-5 | B61: Beckdorf Cortés Camila Pilar | C61: 17.037.273-5 | D61: Camila Pilar | E61: Beckdorf | F61: Cortés | G61: Consultor/a - Comunicaciones | H61: Comunicaciones | I61: 32714 | J61: Portones de piedra 12253 | K61: cbeckdorf@azerta.cl | L61: F | M61: 976152024 | N61: Comunicaciones | O61: Comunicaciones | P61: 76.981.820-0 | Q61: Azerta SpA | R61: camila.beckdorf@gmail.com | S61: Las Condes | T61: Activo | W61: Cami
A62: 18.537.942-6 | B62: Martínez Cárdenas Natalia Paulina | C62: 18.537.942-6 | D62: Natalia Paulina | E62: Martínez | F62: Cárdenas | G62: Consultores Senior - Digital | H62: Digital | I62: 34102 | J62: Avenida Central Gonzalo Perez llona 140, | K62: nmartinez@azerta.cl | L62: F | M62: 985063796 | N62: Contenidos | O62: Contenidos | P62: 77.667.011-1 | Q62: SOCIEDAD DE PROFESIONALES AZERTA LTDA | R62: nati.martinez.c6@gmail.com | S62: Maipú | T62: Activo | W62: Naty
A63: 8.510.437-3 | B63: Bravo Pérez Pablo Enrique | C63: 8.510.437-3 | D63: Pablo Enrique | E63: Bravo | F63: Pérez | G63: Consultor/a Senior - Comunicaciones | H63: Comunicaciones | I63: 26999 | J63: Luz 2979 dpto. 45 | K63: pbravo@azerta.cl | L63: M | M63: 922358436 | N63: Comunicaciones | O63: Comunicaciones | P63: 76.981.820-0 | Q63: Azerta SpA | R63: pbravoe@uc.cl | S63: Las Condes | T63: Activo | W63: Pablo
A64: 22.628.222-k | B64: Vega Chavez Cindy | C64: 22.628.222-k | D64: Cindy | E64: Vega | F64: Chavez | G64: Auxiliar de Aseo | H64: Corporate Services | I64: 31663 | J64: Av. Independencia 801, Depto. 709 | K64: cvega@azerta.cl | L64: F | M64: 941287280 | N64: Administración | O64: Administración | P64: 77.667.011-1 | Q64: SOCIEDAD DE PROFESIONALES AZERTA LTDA | R64: cinthia.chile1986@gmail.com | S64: Independencia | T64: Activo | W64: Cindy
A65: 17.403.134-7 | B65: Marrazzo Guinis Stefano Dimitri | C65: 17.403.134-7 | D65: Stefano Dimitri | E65: Marrazzo | F65: Guinis | G65: Director - Digital | H65: Digital | I65: 32826 | J65: Luis Pereira 900, dpto 207 | K65: smarrazzo@azerta.cl | L65: M | M65: 986626300 | N65: Contenidos | O65: Contenidos | P65: 77.667.011-1 | Q65: SOCIEDAD DE PROFESIONALES AZERTA LTDA | R65: ste1411@gmail.com | S65: Ñuñoa | T65: Activo | W65: Stefano
A66: 10.818.275-k | B66: Edwards Marin Felipe | C66: 10.818.275-k | D66: Felipe | E66: Edwards | F66: Marin | G66: Socio | H66: Comunicaciones | I66: 25741 | J66: ANTUMALAL 6662 | K66: fedwards@azerta.cl | L66: M | M66: 56995799114 | N66: Comunicaciones | O66: Comunicaciones | P66: 76.981.820-0 | Q66: Azerta SpA | R66: felipeedwardsmarin@gmail.com | S66: Vitacura | T66: Activo | W66: Felipe
A67: 15.720.094-1 | B67: Nicolini Saavedra Marco | C67: 15.720.094-1 | D67: Marco | E67: Nicolini | F67: Saavedra | G67: Director - Digital | H67: Digital | I67: 30629 | J67: Av. Obispo Valdés Subercaseaux 1857 depto 442 | K67: mnicolini@azerta.cl | L67: M | M67: 968392005 | N67: Contenidos | O67: Contenidos | P67: 77.667.011-1 | Q67: SOCIEDAD DE PROFESIONALES AZERTA LTDA | R67: hola@marconicolini.cl | S67: Valparaíso | T67: Activo | W67: Marco
A68: 15.433.915-9 | B68: Varas Salamanca Mauricio | C68: 15.433.915-9 | D68: Mauricio | E68: Varas | F68: Salamanca | G68: Consultor/a Senior - Prensa | H68: Prensa | I68: 30157 | J68: Arturo Prat 376, Santiago. Depto 530 | K68: mvaras@azerta.cl | L68: M | M68: 996175007 | N68: Prensa | O68: Prensa | P68: 77.667.011-1 | Q68: SOCIEDAD DE PROFESIONALES AZERTA LTDA | R68: mauriciovaras@gmail.com | S68: Santiago | T68: Activo | W68: Mauricio
... A73: 26.054.812-3 | B73: Bernal Arcia Martin Enrique | C73: 26.054.812-3 | D73: Martin Enrique | E73: Bernal | F73: Arcia | G73: Director Senior- Digital | H73: Digital | I73: 32168 | J73: Bandera 898, Dpto 404. | K73: mbernal@azerta.cl | L73: M | M73: 56950284984 | N73: Digital | O73: Digital | P73: 77.667.011-1 | Q73: SOCIEDAD DE PROFESIONALES AZERTA LTDA | R73: maberarc@gmail.com | S73: Santiago | T73: Activo | W73: Martín
A74: 15.370.192-k | B74: Gomez Vial Fernando Carlos | C74: 15.370.192-k | D74: Fernando Carlos | E74: Gomez | F74: Vial | G74: Director/a - Comunicaciones | H74: Comunicaciones | I74: 30460 | J74: León 3481 | K74: fgomez@azerta.cl | L74: M | M74: 56995769049 | N74: Comunicaciones | O74: Comunicaciones | P74: 76.981.820-0 | Q74: Azerta SpA | R74: fernandogomezvial@gmail.com | S74: Las Condes | T74: Activo
A75: 10.321.885-3 | B75: Serrano Matas Antonio Federico | C75: 10.321.885-3 | D75: Antonio Federico | E75: Serrano | F75: Matas | G75: Consultores Senior - Digital | H75: Digital | I75: 29813 | J75: Gabriel Dannunzio 7251 | K75: aserrano@azerta.cl | L75: M | M75: 993458267 | N75: Diseño | O75: Diseño | P75: 77.667.011-1 | Q75: SOCIEDAD DE PROFESIONALES AZERTA LTDA | R75: serranomatas@gmail.com | S75: La Reina | T75: Activo | W75: Toño
A76: 19.300.070-3 | B76: Acuña Gutiérrez Sandra Gabriela | C76: 19.300.070-3 | D76: Sandra Gabriela | E76: Acuña | F76: Gutiérrez | G76: Consultores - Digital | H76: Digital | I76: 35338 | J76: Carabineros de Chile 232, Depto 152 | K76: sacuna@azerta.cl | L76: F | M76: 976157545 | N76: Monitoreo | O76: Monitoreo | P76: 77.667.011-1 | Q76: SOCIEDAD DE PROFESIONALES AZERTA LTDA | R76: sandra.acuna@mail.udp.cl | S76: Santiago | T76: Activo | W76: Sandra
A77: 26.965.314-0 | B77: Padilla Castellano Reimar Coromoto | C77: 26.965.314-0 | D77: Reimar Coromoto | E77: Padilla | F77: Castellano | G77: Ejecutivo/a de Cuentas - Digital | H77: Digital | I77: 34726 | J77: Portugal 676, Depto 426-B | K77: rpadilla@azerta.cl | L77: F | M77: 941066139 | N77: Monitoreo | O77: Monitoreo | P77: 77.667.011-1 | Q77: SOCIEDAD DE PROFESIONALES AZERTA LTDA | R77: r.padilla27@gmail.com | S77: Santiago | T77: Activo | W77: Reimar, Rei
A78: 11.709.203-8 | B78: Sallorenzo Ortiz Claudio | C78: 11.709.203-8 | D78: Claudio | E78: Sallorenzo | F78: Ortiz | G78: Consultor/a Senior - AAPP | H78: Asuntos Públicos | I78: 25898 | J78: AVDA. LAS PERDICES 4240 82 | K78: csallorenzo@azerta.cl | L78: M | M78: 56979644664 | N78: Asuntos Públicos | O78: Asuntos Públicos | P78: 76.981.820-0 | Q78: Azerta SpA | R78: clsallorenzo@gmail.com | S78: Peñalolén | T78: Activo | W78: Claudio
A79: 12.234.918-7 | B79: Campos Guzman Katiusca Del Pilar | C79: 12.234.918-7 | D79: Katiusca Del Pilar | E79: Campos | F79: Guzman | G79: Director/a - Prensa | H79: Prensa | I79: 26382 | J79: ORLEANS 3448 | K79: kcampos@azerta.cl | L79: F | M79: 56973337212 | N79: Prensa | O79: Prensa | P79: 76.981.820-0 | Q79: Azerta SpA | R79: katicg@gmail.com | S79: Maipú | T79: Activo | W79: Kati
A80: 20.075.693-2 | B80: Delgado Tornero Felipe Antonio | C80: 20.075.693-2 | D80: Felipe Antonio | E80: Delgado | F80: Tornero | G80: Ejecutivo/a de Cuentas - Digital | H80: Digital | I80: 36285 | J80: Condominio Polo Manquehue IV, casa 142. | K80: fdelgado@azerta.cl | L80: M | M80: 979994029 | N80: Monitoreo | O80: Monitoreo | P80: 77.667.011-1 | Q80: SOCIEDAD DE PROFESIONALES AZERTA LTDA | R80: felipe.delgadotornero@gmail.com | S80: Colina | T80: Activo | W80: Felipe
A81: 15.332.168-k | B81: Gallo Calderon Jaime Andres | C81: 15.332.168-k | D81: Jaime Andres | E81: Gallo | F81: Calderon | G81: Consultor/a Senior - Comunicaciones | H81: Comunicaciones | I81: 30333 | J81: Pucará 4880. Depto 706 | K81: jgallo@azerta.cl | L81: M | M81: 56991403694 | N81: Comunicaciones | O81: Comunicaciones | P81: 76.981.820-0 | Q81: Azerta SpA | R81: jaimegalloc@gmail.com | S81: Ñuñoa | T81: Activo
A82: 19.438.665-6 | B82: Walmsley Hardy Alexander James | C82: 19.438.665-6 | D82: Alexander James | E82: Walmsley | F82: Hardy | G82: Consultor en IA - Digital | H82: Digital | I82: 35240 | J82: El Dante 4200, depto 503 | K82: awalmsley@azerta.cl | L82: M | M82: 995847991 | N82: IA | O82: IA | P82: 77.667.011-1 | Q82: SOCIEDAD DE PROFESIONALES AZERTA LTDA | R82: Alex.walmsley@gmail.com | S82: Las Condes | T82: Activo | W82: Alex
A83: 20.909.557-2 | B83: Calderon Ventura Alfonso | C83: 20.909.557-2 | D83: Alfonso | E83: Calderon | F83: Ventura | G83: Trainee | H83: Asuntos Públicos | I83: 37133 | J83: El Roquerío 2381, Lo Barnechea, Chile | K83: acalderon@azerta.cl | L83: M | M83: 56964730921 | N83: Asuntos Públicos | O83: Asuntos Públicos | P83: 76.981.820-0 | Q83: Azerta SpA | R83: alfonsocalderon496@gmail.com | S83: Lo Barnechea | T83: Activo
A84: 7.772.177-0 | B84: Castro González Alejandro | C84: 7.772.177-0 | D84: Alejandro | E84: Castro | F84: González | G84: Ejecutivo/a - Prensa | H84: Prensa | I84: 26446 | J84: Los Jardines 8267 | K84: acastro@azerta.cl | L84: M | M84: 56977685324 | N84: Prensa | O84: Prensa | P84: 77.667.011-1 | Q84: SOCIEDAD DE PROFESIONALES AZERTA LTDA | R84: lawrence.ae@gmail.com | S84: La Florida | T84: Activo
A85: 19.876.073-0 | B85: González Lira Javiera Ignacia | C85: 19.876.073-0 | D85: Javiera Ignacia | E85: González | F85: Lira | G85: Consultores Senior - Digital | H85: Digital | I85: 36110 | J85: Holanda 1297, departamento 601 | K85: jgonzalez@azerta.cl | L85: F | M85: 966036740 | N85: Contenidos | O85: Contenidos | P85: 77.667.011-1 | Q85: SOCIEDAD DE PROFESIONALES AZERTA LTDA | R85: javieraglira@gmail.com | S85: Providencia | T85: Activo | W85: Javi
A86: 18.172.756-k | B86: Llanos Guijuelos Bastian Nicolas | C86: 18.172.756-k | D86: Bastian Nicolas | E86: Llanos | F86: Guijuelos | G86: Consultor/a - Comunicaciones | H86: Comunicaciones | I86: 34051 | J86: Alonso de Ercilla 7935, dpto 302 | K86: bllanos@azerta.cl | L86: M | M86: 993216697 | N86: Comunicaciones | O86: Comunicaciones | P86: 77.667.011-1 | Q86: SOCIEDAD DE PROFESIONALES AZERTA LTDA | R86: bastian11blue@gmail.com | S86: La Florida | T86: Activo | W86: Bastián
A87: 13.682.547-k | B87: Escorza Bravo Rodrigo | C87: 13.682.547-k | D87: Rodrigo | E87: Escorza | F87: Bravo | G87: Consultor/a Senior - Prensa | H87: Prensa | I87: 29082 | J87: ABDON CIFUENTES 241 1302 | K87: rescorza@azerta.cl | L87: M | M87: 966096344 | N87: Prensa | O87: Prensa | P87: 77.667.011-1 | Q87: SOCIEDAD DE PROFESIONALES AZERTA LTDA | R87: rodrigoescorza@gmail.com | S87: Santiago | T87: Activo | W87: Rodrigo
A88: 20.165.428-9 | B88: Robeson Carvallo Josefina | C88: 20.165.428-9 | D88: Josefina | E88: Robeson | F88: Carvallo | G88: Ejecutivo/a - Comunicaciones | H88: Comunicaciones | I88: 36473 | J88: Ascencio de Zavala 2339 | K88: jrobeson@azerta.cl | L88: F | M88: 971075377 | N88: Comunicaciones | O88: Comunicaciones | P88: 77.667.011-1 | Q88: SOCIEDAD DE PROFESIONALES AZERTA LTDA | R88: jrobeson@miuandes.cl | S88: Vitacura | T88: Activo | W88: Jo
A89: 15.547.432-7 | B89: Iturra Iturra Alejandra Inés | C89: 15.547.432-7 | D89: Alejandra Inés | E89: Iturra | F89: Iturra | G89: Ejecutivo/a - Prensa | H89: Prensa | I89: 29543 | J89: Manizales 6648 | K89: aiturra@azerta.cl | L89: F | M89: 940637321 | N89: Prensa | O89: Prensa | P89: 77.667.011-1 | Q89: SOCIEDAD DE PROFESIONALES AZERTA LTDA | R89: iturraalejandra@gmail.com | S89: Peñalolén | T89: Activo | W89: Alejandra
A90: 27.028.873-1 | B90: Domínguez Kopecky Alicia María | C90: 27.028.873-1 | D90: Alicia María | E90: Domínguez | F90: Kopecky | G90: Consultores Senior - Digital | H90: Digital | I90: 31956 | J90: Teresa Concha Walker 1244, depto 304 | K90: adominguez@azerta.cl | L90: F | M90: 934046637 | N90: Digital | O90: Digital | P90: 77.667.011-1 | Q90: SOCIEDAD DE PROFESIONALES AZERTA LTDA | R90: ali.dominguez87@gmail.com | S90: Vitacura | T90: Activo | W90: Ali o Alice
A91: 15.959.738-5 | B91: Soto Díaz Javiera Paz | C91: 15.959.738-5 | D91: Javiera Paz | E91: Soto | F91: Díaz | G91: Director/a - AAPP | H91: Asuntos Públicos | I91: 31006 | J91: Doctora Eloisa Diaz 5731 | K91: jsoto@azerta.cl | L91: F | M91: 995395161 | N91: Asuntos Públicos | O91: Asuntos Públicos | P91: 76.981.820-0 | Q91: Azerta SpA | R91: javiera.soto@gmail.com | S91: Las Condes | T91: Activo | W91: Javi
A92: 20.704.416-4 | B92: Narváez Ojeda Javiera Almendra | C92: 20.704.416-4 | D92: Javiera Almendra | E92: Narváez | F92: Ojeda | G92: Ejecutivo/a - Prensa | H92: Prensa | I92: 36646 | J92: San Enrique 1467 C2, El Retiro | K92: jnarvaez@azerta.cl | L92: F | M92: 921664133 | N92: Prensa | O92: Prensa | P92: 77.667.011-1 | Q92: SOCIEDAD DE PROFESIONALES AZERTA LTDA | R92: javiera.narvaez.ojeda@gmail.com | S92: Quilpué | T92: Activo | W92: Javi
A93: 8.320.724-8 | B93: Johnston Guerra Ximena | C93: 8.320.724-8 | D93: Ximena | E93: Johnston | F93: Guerra | G93: Auxiliar de Aseo | H93: Corporate Services | I93: 24229 | J93: Alcalde Pedro Alarcón 777, depto 410 | K93: xjohnston@azerta.cl | L93: F | M93: 997330339 | N93: Administración | O93: Administración | P93: 77.667.011-1 | Q93: SOCIEDAD DE PROFESIONALES AZERTA LTDA | R93: Xmjohnston@live.cl | S93: San Miguel | T93: Activo | W93: Ximena
A94: 13.489.046-0 | B94: Nuñez Oyarzun Marcia Andrea | C94: 13.489.046-0 | D94: Marcia Andrea | E94: Nuñez | F94: Oyarzun | G94: Consultor/a Senior - Prensa | H94: Prensa | I94: 28730 | J94: Los Placeres 848 | K94: mnunez@azerta.cl | L94: F | M94: 981541001 | N94: Prensa | O94: Prensa | P94: 77.667.011-1 | Q94: SOCIEDAD DE PROFESIONALES AZERTA LTDA | R94: mnunezo78@gmail.com | S94: Los Andes | T94: Activo | W94: Marcia
A95: 16.102.099-0 | B95: Obando Levill Verónica Cristina | C95: 16.102.099-0 | D95: Verónica Cristina | E95: Obando | F95: Levill | G95: Ejecutivo/a - Prensa | H95: Prensa | I95: 31238 | J95: Avenida El Parque 1183 | K95: vobando@azerta.cl | L95: F | M95: 988334408 | N95: Prensa | O95: Prensa | P95: 77.667.011-1 | Q95: SOCIEDAD DE PROFESIONALES AZERTA LTDA | R95: veronicaobandolevill@gmail.com | S95: Lampa | T95: Activo | W95: Verónica
A96: 13.038.126-k | B96: Verdejo Valenzuela Sandra Carolina | C96: 13.038.126-k | D96: Sandra Carolina | E96: Verdejo | F96: Valenzuela | G96: Consultor/a - Prensa | H96: Prensa | I96: 28043 | J96: SANTA CORINA 101 DEPTO 248 | K96: sverdejo@azerta.cl | L96: F | M96: 56975923364 | N96: Prensa | O96: Prensa | P96: 77.667.011-1 | Q96: SOCIEDAD DE PROFESIONALES AZERTA LTDA | R96: scvv10@gmail.com | S96: Maipú | T96: Activo | W96: Sandra
... A103: 15.722.742-4 | B103: Currie Ríos Robert Cowan | C103: 15.722.742-4 | D103: Robert Cowan | E103: Currie | F103: Ríos | G103: Director/a - AAPP | H103: Asuntos Públicos | I103: 30581 | J103: Nocedal 6573, Casa E | K103: rcurrie@azerta.cl | L103: M | M103: 993438112 | N103: Asuntos Públicos | O103: Asuntos Públicos | P103: 76.981.820-0 | Q103: Azerta SpA | R103: robertcurrierios@gmail.com | S103: La Reina | T103: Activo | W103: Robert
A104: 8.929.175-5 | B104: Flores Vargas Miguel Luis | C104: 8.929.175-5 | D104: Miguel Luis | E104: Flores | F104: Vargas | G104: Socio Director | H104: Asuntos Públicos | I104: 22964 | J104: CAMINO DEL YUNGUE 14144 10 | K104: mflores@azerta.cl | L104: M | M104: 56975161584 | N104: Asuntos Públicos | O104: Asuntos Públicos | P104: 76.981.820-0 | Q104: Azerta SpA | R104: floresvargasmiguel@gmail.com | S104: Lo Barnechea | T104: Activo
A105: 14.045.482-6 | B105: Mackinnon Nilo Ian Eduardo | C105: 14.045.482-6 | D105: Ian Eduardo | E105: Mackinnon | F105: Nilo | G105: Socio Director | H105: Asuntos Públicos | I105: 29837 | J105: Las Ñipas 4031 | K105: imackinnon@azerta.cl | L105: M | M105: 56998216099 | N105: Asuntos Públicos | O105: Asuntos Públicos | P105: 76.981.820-0 | Q105: Azerta SpA | R105: mackinnon.ian@gmail.com | S105: Vitacura | T105: Activo | W105: Ian
